Датасет,Доля train,Метод,seed,MAE,RMSE,R2,"MAPE, %",Accuracy,Precision,Recall,F1
"Forest Fires (area, регрессия)",1.0,Без предобучения,0,1.2525078518405373,1.6185146706258338,-0.08033263069044749,74.42745585783351,,,,
"Forest Fires (area, регрессия)",1.0,Только предобучение (без дообучения),0,1.2181326596743074,1.5973240954800845,-0.05222907804210797,66.63659592445654,,,,
"Forest Fires (area, регрессия)",1.0,С предобучением + дообучение,0,1.3300642353835277,1.772029215930731,-0.294988671097415,85.05845279441351,,,,
"Forest Fires (area, регрессия)",1.0,Без предобучения,1,1.3115945187760987,1.5873306898312434,-0.16390220429208968,80.5098168219215,,,,
"Forest Fires (area, регрессия)",1.0,Только предобучение (без дообучения),1,1.1808686145845222,1.4753974735558761,-0.005540889236015589,65.04712029465904,,,,
"Forest Fires (area, регрессия)",1.0,С предобучением + дообучение,1,1.4327967973347109,1.8062890770021927,-0.5071489518592216,89.6547227421026,,,,
"Forest Fires (area, регрессия)",1.0,Без предобучения,2,1.155179742790381,1.4543069498632546,-0.19649213377877306,72.5288703132583,,,,
"Forest Fires (area, регрессия)",1.0,Только предобучение (без дообучения),2,1.1325130084174373,1.3380498006441108,-0.012843263662208892,63.88544050784726,,,,
"Forest Fires (area, регрессия)",1.0,С предобучением + дообучение,2,1.1419692996709192,1.4787917219608706,-0.2371196645484459,90.55042593697046,,,,
"Forest Fires (area, регрессия)",1.0,Без предобучения,3,1.1467567347412408,1.460574488435091,-0.11386017441407925,72.53018864265015,,,,
"Forest Fires (area, регрессия)",1.0,Только предобучение (без дообучения),3,1.1217575552134373,1.386732897520113,-0.004081330067536859,59.62547539538781,,,,
"Forest Fires (area, регрессия)",1.0,С предобучением + дообучение,3,1.1470793085204896,1.5243139647199369,-0.21319918992980535,73.31394601424348,,,,
"Forest Fires (area, регрессия)",1.0,Без предобучения,4,1.224028244742726,1.5176667734862657,-0.10952200997775652,84.13697581935796,,,,
"Forest Fires (area, регрессия)",1.0,Только предобучение (без дообучения),4,1.219516849779189,1.4421084904200816,-0.0017951784233909418,68.46393916117033,,,,
"Forest Fires (area, регрессия)",1.0,С предобучением + дообучение,4,1.287495542288921,1.5943721064704073,-0.2245103073249508,96.96556360461646,,,,
"Forest Fires (area, регрессия)",0.3,Без предобучения,0,1.3112915153446967,1.705385976691854,-0.19941531020184344,79.64345820030272,,,,
"Forest Fires (area, регрессия)",0.3,Только предобучение (без дообучения),0,1.299108180749701,1.9569837025022179,-0.579423629303762,96.804432634092,,,,
"Forest Fires (area, регрессия)",0.3,С предобучением + дообучение,0,1.3165488203927513,1.6941806540229867,-0.18370545660076787,82.07196560594127,,,,
"Forest Fires (area, регрессия)",0.3,Без предобучения,1,1.1646439175084076,1.553330856876014,-0.11457578559529913,74.93260840863992,,,,
"Forest Fires (area, регрессия)",0.3,Только предобучение (без дообучения),1,1.1764439913267504,1.4734296653132577,-0.0028604019309435014,64.86185629008789,,,,
"Forest Fires (area, регрессия)",0.3,С предобучением + дообучение,1,1.2085451355083565,1.5712636846549126,-0.1404593517573156,82.24661722478339,,,,
"Forest Fires (area, регрессия)",0.3,Без предобучения,2,1.0885845566573131,1.365014269524717,-0.05407635526756982,73.33759576161927,,,,
"Forest Fires (area, регрессия)",0.3,Только предобучение (без дообучения),2,1.2859226988620518,1.4500963499087034,-0.18957384650543596,72.63132511127867,,,,
"Forest Fires (area, регрессия)",0.3,С предобучением + дообучение,2,1.0771777538932925,1.4070637188487134,-0.12001855731407263,77.58984505894787,,,,
"Forest Fires (area, регрессия)",0.3,Без предобучения,3,1.08900105232579,1.3892464065949341,-0.007724504257047293,68.55145543410451,,,,
"Forest Fires (area, регрессия)",0.3,Только предобучение (без дообучения),3,1.1147457926066626,1.3839655289378574,-7.783295957275449e-05,60.623002013910984,,,,
"Forest Fires (area, регрессия)",0.3,С предобучением + дообучение,3,1.092252584326167,1.4049147400135786,-0.030583519067081788,68.29972998207332,,,,
"Forest Fires (area, регрессия)",0.3,Без предобучения,4,1.19965138963525,1.5614029993653766,-0.17439201084219325,87.16137868254226,,,,
"Forest Fires (area, регрессия)",0.3,Только предобучение (без дообучения),4,1.2790176895368575,1.4615804839294286,-0.029031194460576337,69.36650973123587,,,,
"Forest Fires (area, регрессия)",0.3,С предобучением + дообучение,4,1.1801942782650674,1.5957689425398895,-0.22665684440957534,90.93582418551821,,,,
"Rice (Cammeo/Osmancik, классификация)",1.0,Без предобучения,0,,,,,0.9330708661417323,0.9487179487179487,0.9334862385321101,0.9410404624277456
"Rice (Cammeo/Osmancik, классификация)",1.0,Только предобучение (без дообучения),0,,,,,0.6706036745406824,0.6346433770014556,1.0,0.7764915405164737
"Rice (Cammeo/Osmancik, классификация)",1.0,С предобучением + дообучение,0,,,,,0.9278215223097113,0.9379310344827586,0.9357798165137615,0.9368541905855339
"Rice (Cammeo/Osmancik, классификация)",1.0,Без предобучения,1,,,,,0.9330708661417323,0.9365079365079365,0.9472477064220184,0.9418472063854049
"Rice (Cammeo/Osmancik, классификация)",1.0,Только предобучение (без дообучения),1,,,,,0.6942257217847769,0.6517189835575485,1.0,0.7891402714932126
"Rice (Cammeo/Osmancik, классификация)",1.0,С предобучением + дообучение,1,,,,,0.9291338582677166,0.9360730593607306,0.9403669724770642,0.9382151029748285
"Rice (Cammeo/Osmancik, классификация)",1.0,Без предобучения,2,,,,,0.926509186351706,0.9318181818181818,0.9403669724770642,0.9360730593607306
"Rice (Cammeo/Osmancik, классификация)",1.0,Только предобучение (без дообучения),2,,,,,0.7769028871391076,0.7194719471947195,1.0,0.836852207293666
"Rice (Cammeo/Osmancik, классификация)",1.0,С предобучением + дообучение,2,,,,,0.9278215223097113,0.9300225733634312,0.944954128440367,0.937428896473265
"Rice (Cammeo/Osmancik, классификация)",1.0,Без предобучения,3,,,,,0.9251968503937008,0.9183222958057395,0.9541284403669725,0.9358830146231721
"Rice (Cammeo/Osmancik, классификация)",1.0,Только предобучение (без дообучения),3,,,,,0.7821522309711286,0.725,0.9977064220183486,0.8397683397683398
"Rice (Cammeo/Osmancik, классификация)",1.0,С предобучением + дообучение,3,,,,,0.926509186351706,0.9222222222222223,0.9518348623853211,0.9367945823927766
"Rice (Cammeo/Osmancik, классификация)",1.0,Без предобучения,4,,,,,0.926509186351706,0.9166666666666666,0.9587155963302753,0.9372197309417041
"Rice (Cammeo/Osmancik, классификация)",1.0,Только предобучение (без дообучения),4,,,,,0.5813648293963255,0.5774834437086093,1.0,0.7321578505457598
"Rice (Cammeo/Osmancik, классификация)",1.0,С предобучением + дообучение,4,,,,,0.9238845144356955,0.9090909090909091,0.963302752293578,0.9354120267260579
"Rice (Cammeo/Osmancik, классификация)",0.05,Без предобучения,0,,,,,0.9173228346456693,0.9429928741092637,0.9105504587155964,0.9264877479579929
"Rice (Cammeo/Osmancik, классификация)",0.05,Только предобучение (без дообучения),0,,,,,0.5721784776902887,0.5721784776902887,1.0,0.7278797996661102
"Rice (Cammeo/Osmancik, классификация)",0.05,С предобучением + дообучение,0,,,,,0.9173228346456693,0.947242206235012,0.9059633027522935,0.9261430246189917
"Rice (Cammeo/Osmancik, классификация)",0.05,Без предобучения,1,,,,,0.9330708661417323,0.9594272076372315,0.9220183486238532,0.9403508771929825
"Rice (Cammeo/Osmancik, классификация)",0.05,Только предобучение (без дообучения),1,,,,,0.5721784776902887,0.5721784776902887,1.0,0.7278797996661102
"Rice (Cammeo/Osmancik, классификация)",0.05,С предобучением + дообучение,1,,,,,0.9251968503937008,0.9588377723970944,0.908256880733945,0.9328621908127209
"Rice (Cammeo/Osmancik, классификация)",0.05,Без предобучения,2,,,,,0.9133858267716536,0.9534313725490197,0.8922018348623854,0.9218009478672987
"Rice (Cammeo/Osmancik, классификация)",0.05,Только предобучение (без дообучения),2,,,,,0.42782152230971127,0.0,0.0,0.0
"Rice (Cammeo/Osmancik, классификация)",0.05,С предобучением + дообучение,2,,,,,0.9173228346456693,0.9582309582309583,0.8944954128440367,0.9252669039145909
"Rice (Cammeo/Osmancik, классификация)",0.05,Без предобучения,3,,,,,0.9199475065616798,0.9310344827586207,0.9288990825688074,0.9299655568312284
"Rice (Cammeo/Osmancik, классификация)",0.05,Только предобучение (без дообучения),3,,,,,0.5721784776902887,0.5721784776902887,1.0,0.7278797996661102
"Rice (Cammeo/Osmancik, классификация)",0.05,С предобучением + дообучение,3,,,,,0.9212598425196851,0.9331797235023042,0.9288990825688074,0.9310344827586208
"Rice (Cammeo/Osmancik, классификация)",0.05,Без предобучения,4,,,,,0.9173228346456693,0.9172259507829977,0.9403669724770642,0.928652321630804
"Rice (Cammeo/Osmancik, классификация)",0.05,Только предобучение (без дообучения),4,,,,,0.5721784776902887,0.5721784776902887,1.0,0.7278797996661102
"Rice (Cammeo/Osmancik, классификация)",0.05,С предобучением + дообучение,4,,,,,0.9133858267716536,0.9111111111111111,0.9403669724770642,0.925507900677201
