,,,MAE,MAE,RMSE,RMSE,R2,R2,"MAPE, %","MAPE, %",Accuracy,Accuracy,Precision,Precision,Recall,Recall,F1,F1
,,,mean,std,mean,std,mean,std,mean,std,mean,std,mean,std,mean,std,mean,std
Датасет,Доля train,Метод,,,,,,,,,,,,,,,,
"Forest Fires (area, регрессия)",1.0,Без предобучения,1.2180134185781966,0.06893665965685024,1.5276787144483377,0.07381761485369961,-0.1328218306306292,0.04657638696057149,76.82666149100427,5.236726181150559,,,,,,,,
"Forest Fires (area, регрессия)",1.0,Только предобучение (без дообучения),1.1745577375337786,0.046139845259076134,1.4479225515240532,0.09864797403731769,-0.01529794788625205,0.021055114231410526,64.7317142567042,3.3334446313557033,,,,,,,,
"Forest Fires (area, регрессия)",1.0,С предобучением + дообучение,1.2678810366397137,0.12439404144348605,1.6351592172168279,0.1469862896964072,-0.2953933569519677,0.12249153724686394,87.1086222184693,8.803184373421956,,,,,,,,
"Forest Fires (area, регрессия)",0.3,Без предобучения,1.1706344862942915,0.0922746930502701,1.5148761018105792,0.1398024694940578,-0.11003679323279059,0.08023417425499417,76.72529929744174,7.052116768852097,,,,,,,,
"Forest Fires (area, регрессия)",0.3,Только предобучение (без дообучения),1.2310476706164046,0.0813208354303404,1.5452111461182931,0.23278223748471202,-0.1601933810320581,0.247088742687209,72.85742515612108,14.136009072560924,,,,,,,,
"Forest Fires (area, регрессия)",0.3,С предобучением + дообучение,1.1749437144771269,0.0969595740390128,1.5346383480160162,0.12613050063041997,-0.14028474582976264,0.07380820681733286,80.2287964114528,8.236747042769156,,,,,,,,
"Rice (Cammeo/Osmancik, классификация)",1.0,Без предобучения,,,,,,,,,0.9288713910761155,0.0038708349616148425,0.9304066059032946,0.013316723866500664,0.9467889908256881,0.010179972945491816,0.9384126947477516,0.002828310939793763
"Rice (Cammeo/Osmancik, классификация)",1.0,Только предобучение (без дообучения),,,,,,,,,0.7010498687664042,0.08311035122851801,0.6616635502924666,0.06178307035639781,0.9995412844036696,0.0010257192557338718,0.7948820419234904,0.04494935252337369
"Rice (Cammeo/Osmancik, классификация)",1.0,С предобучением + дообучение,,,,,,,,,0.927034120734908,0.0019902560220607744,0.9270679597040103,0.0117737364060967,0.9472477064220184,0.01075783431152159,0.9369409598304923,0.0010281189879577503
"Rice (Cammeo/Osmancik, классификация)",0.05,Без предобучения,,,,,,,,,0.9202099737532808,0.00756160645190966,0.9408223775674266,0.01704722670547503,0.9188073394495413,0.018391578162137115,0.9294514902960612,0.006837655625059679
"Rice (Cammeo/Osmancik, классификация)",0.05,Только предобучение (без дообучения),,,,,,,,,0.5433070866141733,0.06455839305117504,0.45774278215223096,0.25588599427556646,0.8,0.4472135954999579,0.5823038397328881,0.3255177423004702
"Rice (Cammeo/Osmancik, классификация)",0.05,С предобучением + дообучение,,,,,,,,,0.9188976377952756,0.004488879626374557,0.941720354295296,0.020037246793702716,0.9155963302752295,0.018590719384549988,0.928162900556425,0.0035300507421176554
